{
    "resolution": 7,
    "positions1": [-1,-1,-0.47578126192092896,-1.0571428537368774,-0.24843749403953552,-1.0571428537368774,-0.12968750298023224,-1.0330827236175537,0,-1,0.12890625,-1.0571428537368774,0.39765626192092896,-1.0571428537368774,0.47187501192092896,-1.0571428537368774,1,-1,-1,-0.75,-0.614062488079071,-0.7894737124443054,-0.31640625,-0.5624060034751892,-0.19687500596046448,-0.7082706689834595,0.0007812500116415322,-0.7368420958518982,0.2109375,-0.646616518497467,0.2984375059604645,-0.5383458733558655,0.577343761920929,-0.800000011920929,0.991406261920929,-0.8165413737297058,-1,-0.5,-0.6742187738418579,-0.5819548964500427,-0.3570312559604645,-0.5067669153213501,-0.19374999403953552,-0.5759398341178894,-0.0023437500931322575,-0.5924811959266663,0.20468750596046448,-0.5383458733558655,0.328125,-0.48571428656578064,0.671875,-0.6090225577354431,0.992968738079071,-0.6180450916290283,-1,-0.25,-0.7328125238418579,-0.3639097809791565,-0.30390626192092896,-0.47669172286987305,-0.18125000596046448,-0.5218045115470886,0,-0.5338345766067505,0.20156249403953552,-0.5022556185722351,0.27734375,-0.4526315927505493,0.7359374761581421,-0.3834586441516876,1,-0.25,-1,0,-0.698437511920929,0.02857142873108387,-0.390625,-0.2796992361545563,-0.29609376192092896,-0.15488721430301666,-0.00937500037252903,-0.2812030017375946,0.2593750059604645,-0.18646617233753204,0.39375001192092896,-0.2616541385650635,0.699999988079071,0.05714285746216774,1,0,-1,0.25,-0.578125,0.20902255177497864,-0.4234375059604645,0.20601503551006317,-0.22968749701976776,0.17593984305858612,-0.0234375,0.18796992301940918,0.17421874403953552,0.1984962373971939,0.37812501192092896,0.21804511547088623,0.5234375,0.2345864623785019,1,0.25,-1,0.5,-0.6421874761581421,0.44962406158447266,-0.43828123807907104,0.49924811720848083,-0.23906250298023224,0.32932332158088684,-0.02187499962747097,0.32030075788497925,0.21328124403953552,0.32481202483177185,0.5,0.5,0.7164062261581421,0.43157893419265747,1,0.5,-1,0.75,-0.7242187261581421,0.6691729426383972,-0.5,0.75,-0.24687500298023224,0.6390977501869202,-0.02109375037252903,0.583458662033081,0.22265625,0.6406015157699585,0.45703125,0.7353383302688599,0.671875,0.727819561958313,1,0.75,-1,1,-0.6507812738418579,1.067669153213501,-0.4296875,1.0360902547836304,-0.22499999403953552,1.0240601301193237,-0.0234375,1.030075192451477,0.20000000298023224,1.0150375366210938,0.4117187559604645,1.0360902547836304,0.6234375238418579,1.0631579160690308,1,1],
    "positions2": [-1,-1,-0.4398437440395355,-1.0165413618087769,-0.32343751192092896,-1.00902259349823,-0.203125,-1.0105262994766235,0,-1,0.20468750596046448,-1.0135338306427002,0.4085937440395355,-1.0030075311660767,0.563281238079071,-0.9879699349403381,1,-1,-1,-0.75,-0.5859375,-0.7507029175758362,-0.44140625,-0.5857544541358948,-0.24531249701976776,-0.6907216310501099,-0.0015625000232830644,-0.728209912776947,0.24843749403953552,-0.6719775199890137,0.47578126192092896,-0.6138706803321838,0.690625011920929,-0.7994377017021179,1,-0.75,-1,-0.5,-0.7265625,-0.589503288269043,-0.4375,-0.5445173382759094,-0.25312501192092896,-0.5238987803459167,0.0015625000232830644,-0.5145267248153687,0.24375000596046448,-0.5070290565490723,0.4781250059604645,-0.5445173382759094,0.8421875238418579,-0.5308270454406738,1,-0.5,-1,-0.25,-0.807812511920929,-0.33458295464515686,-0.42500001192092896,-0.4807872474193573,-0.25468748807907104,-0.379568874835968,-0.0015625000232830644,-0.4039362668991089,0.23984375596046448,-0.3683224022388458,0.4625000059604645,-0.4639175236225128,0.75,-0.25,1,-0.25,-1,0,-0.7484375238418579,0.07669173181056976,-0.390625,-0.17713214457035065,-0.22968749701976776,0.0028116214089095592,0.0015625000232830644,-0.12089972198009491,0.25,0,0.41718751192092896,-0.18837863206863403,0.796875,0.09172932058572769,1,0,-1,0.25,-0.758593738079071,0.33458295464515686,-0.47815385460853577,0.32509270310401917,-0.2890625,0.28872179985046387,0.00937500037252903,0.28270676732063293,0.2953124940395355,0.24812030792236328,0.5089230537414551,0.32509270310401917,0.7969231009483337,0.33003708720207214,1,0.25,-1,0.5,-0.737500011920929,0.48721805214881897,-0.5,0.5,-0.2750000059604645,0.3413533866405487,0.010937499813735485,0.38947367668151855,0.28203123807907104,0.3413533866405487,0.5210937261581421,0.4887218177318573,0.75,0.5007518529891968,1,0.5,-1,0.75,-0.72265625,0.8163074254989624,-0.47343748807907104,0.775070309638977,-0.2265625,0.6082473993301392,0.0015625000232830644,0.5970009565353394,0.22343750298023224,0.6363636255264282,0.47734373807907104,0.7432052493095398,0.75,0.75,1,0.75,-1,1,-0.6546875238418579,1.0105262994766235,-0.4312500059604645,1,-0.22031250596046448,1,0,1,0.22187499701976776,1.0315788984298706,0.44609373807907104,1.0120301246643066,0.706250011920929,1.00902259349823,1,1]
}
