{
    "resolution": 8,
    "positions1": [ -1,-1,-0.7777777910232544,-1,-0.5555555820465088,-1,-0.3333333432674408,-1,-0.05994659662246704,-1.0194976329803467,0.1111111119389534,-1,0.3333333432674408,-1,0.5555555820465088,-1,0.7777777910232544,-1,1,-1,-1,-0.7777777910232544,-0.7777777910232544,-0.7777777910232544,-0.44600266218185425,-0.5952406525611877,-0.2997329831123352,-0.7558351159095764,-0.07673164457082748,-0.8780786395072937,0.13667823374271393,-0.8900632858276367,0.32850733399391174,-0.794185996055603,0.5299279093742371,-0.6503700613975525,0.7777777910232544,-0.7777777910232544,1,-0.7777777910232544,-1,-0.5555555820465088,-0.6354339122772217,-0.3891045153141022,-0.5323257446289062,-0.4394400715827942,-0.1822376549243927,-0.46580633521080017,-0.035967957228422165,-0.4777909815311432,0.1270867884159088,-0.475394070148468,0.3021308481693268,-0.46820324659347534,0.6354339122772217,-0.4394400715827942,0.7169612646102905,-0.37232598662376404,1,-0.5555555820465088,-1,-0.3333333432674408,-0.6761975884437561,-0.19974687695503235,-0.5515086650848389,-0.28124257922172546,-0.29733511805534363,-0.3435628116130829,-0.08392523229122162,-0.2788456380367279,0.17983978986740112,-0.27644869685173035,0.3860560655593872,-0.3435628116130829,0.582680881023407,-0.30041801929473877,0.7793057560920715,-0.2476855218410492,1,-0.3333333432674408,-1,-0.1111111119389534,-0.6642082929611206,-0.0559309683740139,-0.5131428837776184,-0.08709108084440231,-0.3333333432674408,-0.1111111119389534,-0.03836582228541374,-0.1134573370218277,0.1270867884159088,-0.1134573370218277,0.3740667700767517,-0.1134573370218277,0.582680881023407,-0.09907574206590652,0.7777777910232544,-0.1111111119389534,1,-0.1111111119389534,-1,0.1111111119389534,-0.5994659662246704,0.0782972201704979,-0.37166890501976013,0.04474017396569252,-0.2373885214328766,0.018373921513557434,-0.09351669251918793,0.06151869520545006,0.18463551998138428,0.06870949268341064,0.3333030641078949,0.027961649000644684,0.4747770428657532,0.06870949268341064,0.6737997531890869,0.05672483146190643,1,0.1111111119389534,-1,0.3333333432674408,-0.5443150997161865,0.19814381003379822,-0.35728171467781067,0.10226653516292572,-0.26136714220046997,0.14061744511127472,-0.17024832963943481,0.13822051882743835,0.24458211660385132,0.135823592543602,0.34769025444984436,0.1549990475177765,0.42202404141426086,0.13102972507476807,0.645025372505188,0.22930392622947693,1.001002550125122,0.3197880685329437,-1,0.5555555820465088,-0.4723791778087616,0.43783700466156006,-0.41243258118629456,0.3155934810638428,-0.20861415565013885,0.3707229197025299,-0.035967957228422165,0.3060057461261749,0.1270867884159088,0.3060057461261749,0.3309051990509033,0.3539443910121918,0.5347236394882202,0.3203873336315155,0.6258424520492554,0.3275781273841858,1,0.5555555820465088,-1,0.7777777910232544,-0.4484005272388458,0.5049511194229126,-0.3956475257873535,0.6128130555152893,-0.2925393879413605,0.7350565791130066,-0.1079038754105568,0.8357276916503906,0.16545259952545166,0.8189491629600525,0.43401333689689636,0.6919118165969849,0.5203364491462708,0.5576835870742798,0.6018638014793396,0.43783700466156006,0.9928569197654724,0.7822046279907227,-1,1,-0.7777777910232544,1,-0.5555555820465088,1,-0.3333333432674408,1,-0.1111111119389534,1,0.1111111119389534,1,0.3333333432674408,1,0.5555555820465088,1,0.7777777910232544,1,1,1 ],
    "positions2": [ -1,-1,-0.7777777910232544,-1,-0.5555555820465088,-1,-0.3333333432674408,-1,-0.1111111119389534,-1,0.1111111119389534,-1,0.3333333432674408,-1,0.5555555820465088,-1,0.7777777910232544,-1,1,-1,-1,-0.7777777910232544,-0.7777777910232544,-0.7777777910232544,-0.43641120195388794,-0.6575608849525452,-0.29493725299835205,-0.870887815952301,-0.1174953281879425,-0.988337516784668,0.11509746313095093,-0.9835436344146729,0.30692657828330994,-0.846918523311615,0.42202404141426086,-0.628797709941864,0.7777777910232544,-0.7777777910232544,1,-0.7777777910232544,-1,-0.5555555820465088,-0.6354339122772217,-0.3243873417377472,-0.5443150997161865,-0.33397507667541504,-0.24937783181667328,-0.46580633521080017,-0.09831241518259048,-0.5137449502944946,0.07673164457082748,-0.5137449502944946,0.24458211660385132,-0.47299712896347046,0.558702290058136,-0.36034131050109863,0.6929826140403748,-0.33397507667541504,1,-0.5555555820465088,-1,-0.3333333432674408,-0.7025740742683411,-0.18776223063468933,-0.5491108298301697,-0.18536528944969177,-0.3548838496208191,-0.30281496047973633,-0.20142056047916412,-0.22611314058303833,0.1726461946964264,-0.2213192731142044,0.3452923893928528,-0.3052119016647339,0.5467129349708557,-0.23330393433570862,0.7745100259780884,-0.12304506450891495,0.9928569197654724,-0.1246122494339943,-1,-0.1111111119389534,-0.7505313754081726,0.011183125898241997,-0.5443150997161865,0.006389261689037085,-0.32610946893692017,-0.07750335335731506,-0.1079038754105568,-0.007992330007255077,0.07193591445684433,-0.012786193750798702,0.35728171467781067,-0.07750335335731506,0.5754873156547546,-0.007992330007255077,0.7841014862060547,0.135823592543602,1.004879355430603,0.14563117921352386,-0.9968612194061279,0.17866094410419464,-0.6872827410697937,0.1696528196334839,-0.4052389860153198,0.1549990475177765,-0.2709586024284363,0.09986960887908936,-0.13667823374271393,0.14541131258010864,0.15586115419864655,0.15260210633277893,0.29733511805534363,0.09986960887908936,0.42442190647125244,0.135823592543602,0.5730894804000854,0.1861591637134552,1.004879355430603,0.2387150377035141,-1,0.3333333432674408,-0.5706915855407715,0.2892272174358368,-0.33809879422187805,0.21012847125530243,-0.278152197599411,0.21492233872413635,-0.19902269542217255,0.1933499574661255,0.22779706120491028,0.2125254124403,0.3021308481693268,0.22690699994564056,0.38365820050239563,0.18136529624462128,0.5682937502861023,0.29162415862083435,1.0018737316131592,0.3918529748916626,-1,0.5555555820465088,-0.5491108298301697,0.38750144839286804,-0.4843685030937195,0.3275781273841858,-0.3117223083972931,0.4162646234035492,-0.10550601035356522,0.38031065464019775,0.10310814529657364,0.39469224214553833,0.3237116038799286,0.43064621090888977,0.47717490792274475,0.3203873336315155,0.582680881023407,0.4090738296508789,0.9988681674003601,0.64107745885849,-1,0.7777777910232544,-0.5443150997161865,0.5433019995689392,-0.46998131275177,0.7158811092376709,-0.3237116038799286,0.8405215740203857,-0.11269959807395935,0.9076356887817383,0.1390760987997055,0.8788724541664124,0.3620774447917938,0.8021706342697144,0.47717490792274475,0.7302626967430115,0.5600481033325195,0.5750179886817932,0.9988681674003601,0.8062262535095215,-1,1,-0.7777777910232544,1,-0.5555555820465088,1,-0.3333333432674408,1,-0.1111111119389534,1,0.1111111119389534,1,0.3333333432674408,1,0.5555555820465088,1,0.7777777910232544,1,0.9898512959480286,1.0044047832489014 ]
}
